City_ID,City,Country,Date,Lat,Lng,Max Temp,Humidity,Cloudiness,Wind Speed
0,Bluff,NZ,2022-07-19 03:51:41,-46.6,168.3333,45.81,71,97,15.82
1,Hobart,AU,2022-07-19 03:47:06,-42.8794,147.3294,49.26,72,75,4.61
2,Bandarbeyla,SO,2022-07-19 03:51:29,9.4942,50.8122,78.75,60,92,29.46
3,Bosaso,SO,2022-07-19 03:51:41,11.2842,49.1816,86.23,50,100,27.69
4,Preobrazheniye,RU,2022-07-19 03:51:41,42.9019,133.9064,70.93,78,48,4.83
5,De-Kastri,RU,2022-07-19 03:51:42,51.4667,140.7833,56.34,96,100,3.8
6,Coihaique,CL,2022-07-19 03:51:42,-45.5752,-72.0662,40.95,65,100,3.44
7,Bethel,US,2022-07-19 03:51:42,41.3712,-73.414,75.29,92,75,10.36
8,Ulaanbaatar,MN,2022-07-19 03:51:14,47.9077,106.8832,77.13,23,40,26.84
9,Chokurdakh,RU,2022-07-19 03:51:42,70.6333,147.9167,49.44,38,23,14.12
10,Dikson,RU,2022-07-19 03:50:12,73.5069,80.5464,45.18,81,50,15.9
11,Ponta Do Sol,PT,2022-07-19 03:51:43,32.6667,-17.1,70.43,79,0,6.58
12,Amazar,RU,2022-07-19 03:51:43,53.858,120.875,81.25,40,0,4.72
13,Alofi,NU,2022-07-19 03:51:43,-19.0595,-169.9187,76.89,73,75,17.27
14,Rikitea,PF,2022-07-19 03:51:43,-23.1203,-134.9692,74.48,75,5,12.21
15,Gweru,ZW,2022-07-19 03:51:44,-19.45,29.8167,46.63,96,31,6.02
16,Sehithwa,BW,2022-07-19 03:51:44,-20.4667,22.7167,49.19,65,0,5.68
17,Khatanga,RU,2022-07-19 03:51:44,71.9667,102.5,47.39,74,100,16.13
18,Sitka,US,2022-07-19 03:51:44,57.0531,-135.33,55.29,88,100,5.75
19,Qaanaaq,GL,2022-07-19 03:51:45,77.484,-69.3632,41.54,72,16,1.43
20,Ushuaia,AR,2022-07-19 03:51:45,-54.8,-68.3,35.26,87,20,9.22
21,Atambua,ID,2022-07-19 03:50:01,-9.1061,124.8925,80.46,44,76,1.41
22,Tashtyp,RU,2022-07-19 03:51:45,52.7939,89.8983,61.97,74,75,11.65
23,Enshi,CN,2022-07-19 03:51:45,30.3,109.4833,85.23,72,86,2.3
24,Narsaq,GL,2022-07-19 03:51:46,60.9167,-46.05,47.48,73,39,0.56
25,Yaan,NG,2022-07-19 03:51:46,7.3833,8.5667,70.25,87,83,5.59
26,Mount Pleasant,US,2022-07-19 03:51:46,32.7941,-79.8626,82.99,85,20,6.91
27,Praia Da Vitoria,PT,2022-07-19 03:51:46,38.7333,-27.0667,70.75,88,75,7.18
28,Rio Gallegos,AR,2022-07-19 03:51:47,-51.6226,-69.2181,37.45,70,0,18.41
29,Ixtapa,MX,2022-07-19 03:51:47,20.7,-105.2,76.64,90,99,3.09
30,Pouembout,NC,2022-07-19 03:51:47,-21.1333,164.9,76.48,82,99,7.05
31,Huangzhai,CN,2022-07-19 03:51:47,38.0751,112.6595,77.41,43,100,12.66
32,Whitehorse,CA,2022-07-19 03:47:51,60.7161,-135.0538,56.17,70,75,9.22
33,Atuona,PF,2022-07-19 03:51:48,-9.8,-139.0333,77.11,72,69,19.28
34,Hithadhoo,MV,2022-07-19 03:51:48,-0.6,73.0833,82.02,77,99,11.01
35,Punta Arenas,CL,2022-07-19 03:47:02,-53.15,-70.9167,39.31,81,40,27.63
36,Puerto Ayora,EC,2022-07-19 03:51:48,-0.7393,-90.3518,68.56,94,65,5.99
37,San Carlos De Bariloche,AR,2022-07-19 03:51:48,-41.1456,-71.3082,22.75,80,0,6.91
38,Salalah,OM,2022-07-19 03:51:49,17.0151,54.0924,76.57,94,100,11.59
39,Bayan,CN,2022-07-19 03:51:49,46.0833,127.4,77.94,62,82,6.35
40,Kaitangata,NZ,2022-07-19 03:51:49,-46.2817,169.8464,44.55,86,100,8.95
41,Los Llanos De Aridane,ES,2022-07-19 03:51:49,28.6585,-17.9182,67.75,88,75,12.66
42,Cape Town,ZA,2022-07-19 03:51:05,-33.9258,18.4232,55.9,81,20,8.05
43,Airai,TL,2022-07-19 03:52:50,-8.9266,125.4092,71.02,39,63,3.38
44,Busselton,AU,2022-07-19 03:52:50,-33.65,115.3333,59.79,67,0,8.77
45,Saint-Augustin,CA,2022-07-19 03:52:50,51.226,-58.6502,60.55,72,25,4.59
46,Cabo San Lucas,MX,2022-07-19 03:51:35,22.8909,-109.9124,87.1,74,0,4.0
47,Kodiak,US,2022-07-19 03:52:50,57.79,-152.4072,56.71,77,0,6.91
48,Martapura,ID,2022-07-19 03:52:51,-3.4167,114.85,86.09,70,40,2.3
49,Smolenka,RU,2022-07-19 03:52:51,52.1352,113.4974,78.87,47,7,2.24
50,Zetaquira,CO,2022-07-19 03:52:51,5.2822,-73.169,57.06,89,83,3.74
51,Kirakira,SB,2022-07-19 03:52:51,-10.4544,161.9205,83.35,71,25,6.31
52,Barraute,CA,2022-07-19 03:52:52,48.4335,-77.6328,71.87,94,22,6.71
53,Eyl,SO,2022-07-19 03:52:52,7.9803,49.8164,77.88,60,74,27.2
54,Kabalo,CD,2022-07-19 03:52:52,-6.05,26.9167,74.08,47,77,1.05
55,Albany,US,2022-07-19 03:49:57,42.6001,-73.9662,73.17,89,99,9.33
56,Beboto,TD,2022-07-19 03:52:52,8.2668,16.939,69.6,97,100,3.58
57,Tuktoyaktuk,CA,2022-07-19 03:52:53,69.4541,-133.0374,66.2,77,100,4.61
58,Visnes,NO,2022-07-19 03:52:53,59.3556,5.2242,59.22,88,40,5.75
59,Srednekolymsk,RU,2022-07-19 03:52:53,67.45,153.6833,58.8,47,99,11.23
60,Loandjili,CG,2022-07-19 03:52:53,-4.7561,11.8578,71.71,94,75,0.0
61,Ilulissat,GL,2022-07-19 03:52:54,69.2167,-51.1,40.96,82,56,3.33
62,Faanui,PF,2022-07-19 03:52:54,-16.4833,-151.75,76.33,71,2,5.55
63,Bambous Virieux,MU,2022-07-19 03:50:10,-20.3428,57.7575,70.21,77,75,11.5
64,Natal,BR,2022-07-19 03:52:54,-5.795,-35.2094,77.22,88,40,5.75
65,Aklavik,CA,2022-07-19 03:52:54,68.2191,-135.0107,57.38,95,100,3.89
66,Arraial Do Cabo,BR,2022-07-19 03:52:54,-22.9661,-42.0278,69.19,91,100,14.58
67,Tasiilaq,GL,2022-07-19 03:52:55,65.6145,-37.6368,33.06,87,9,2.1
68,Hermanus,ZA,2022-07-19 03:52:55,-34.4187,19.2345,52.81,79,99,5.7
69,Sao Filipe,CV,2022-07-19 03:52:55,14.8961,-24.4956,74.97,82,96,7.29
70,Marystown,CA,2022-07-19 03:52:55,47.1666,-55.1483,60.85,100,95,7.4
71,Bengkulu,ID,2022-07-19 03:51:39,-3.8004,102.2655,84.07,67,42,4.5
72,Riyadh,SA,2022-07-19 03:48:16,24.6877,46.7219,89.74,12,85,7.31
73,Provideniya,RU,2022-07-19 03:52:56,64.3833,-173.3,44.71,70,40,18.01
74,Sergeyevka,KZ,2022-07-19 03:52:56,53.88,67.4158,70.63,59,0,0.45
75,Sorland,NO,2022-07-19 03:52:56,67.667,12.6934,53.31,84,85,11.7
76,Egvekinot,RU,2022-07-19 03:52:56,66.3167,-179.1667,49.35,55,100,9.48
77,Castro,BR,2022-07-19 03:52:57,-24.7911,-50.0119,56.62,99,99,1.77
78,Cidreira,BR,2022-07-19 03:52:57,-30.1811,-50.2056,53.87,92,9,5.59
79,Barrow,US,2022-07-19 03:48:43,71.2906,-156.7887,42.82,75,100,17.27
80,Mataura,NZ,2022-07-19 03:52:57,-46.1927,168.8643,45.48,89,100,4.16
81,New Norfolk,AU,2022-07-19 03:52:57,-42.7826,147.0587,49.91,59,39,1.45
82,Mutis,CO,2022-07-19 03:52:58,6.2262,-77.4044,78.21,89,80,3.36
83,Hachinohe,JP,2022-07-19 03:52:58,40.5,141.5,73.58,88,75,3.44
84,Port-Gentil,GA,2022-07-19 03:52:58,-0.7193,8.7815,74.03,77,100,10.94
85,Ossora,RU,2022-07-19 03:52:58,59.2353,163.0719,63.23,79,98,10.76
86,Flinders,AU,2022-07-19 03:52:59,-34.5833,150.8552,52.38,84,86,10.27
87,Sao Felix Do Xingu,BR,2022-07-19 03:52:59,-6.6447,-51.995,70.2,60,18,2.13
88,Thompson,CA,2022-07-19 03:53:26,55.7435,-97.8558,69.96,64,40,2.3
89,Morros,BR,2022-07-19 03:53:59,-9.4467,-46.3003,66.34,47,5,2.86
90,Yellowknife,CA,2022-07-19 03:49:35,62.456,-114.3525,70.32,60,75,2.3
91,Mahebourg,MU,2022-07-19 03:53:59,-20.4081,57.7,70.25,77,75,11.5
92,Kapaa,US,2022-07-19 03:53:43,22.0752,-159.319,78.12,79,16,5.99
93,Vaini,TO,2022-07-19 03:54:00,-21.2,-175.2,78.96,83,20,9.22
94,Saint-Joseph,RE,2022-07-19 03:54:00,-21.3667,55.6167,68.38,74,31,18.01
95,Maine-Soroa,NE,2022-07-19 03:54:00,13.2114,12.0241,78.12,72,23,12.48
96,Atar,MR,2022-07-19 03:50:00,20.5169,-13.0499,88.99,40,6,4.97
97,Georgetown,MY,2022-07-19 03:49:04,5.4112,100.3354,87.89,80,20,0.0
98,Kailua,US,2022-07-19 03:53:07,21.4022,-157.7394,81.81,74,63,5.01
99,Broome,US,2022-07-19 03:54:00,42.2506,-75.833,72.01,84,91,4.0
100,Laiyang,CN,2022-07-19 03:54:01,36.9758,120.7136,89.98,40,92,3.74
101,Siniscola,IT,2022-07-19 03:54:01,40.5719,9.6922,63.95,59,0,4.14
102,Wegrow,PL,2022-07-19 03:54:01,52.3995,22.0163,60.91,80,100,4.21
103,De Aar,ZA,2022-07-19 03:54:01,-30.6497,24.0123,46.62,63,2,6.78
104,Karpathos,GR,2022-07-19 03:54:02,35.507,27.2132,73.36,78,0,23.02
105,Burgeo,CA,2022-07-19 03:54:02,47.6167,-57.6152,61.09,96,100,4.47
106,Okato,NZ,2022-07-19 03:54:02,-39.2,173.8833,60.17,79,99,23.0
107,Avarua,CK,2022-07-19 03:50:12,-21.2078,-159.775,75.25,69,75,6.91
108,Moindou,NC,2022-07-19 03:54:03,-21.6924,165.677,76.14,80,99,10.78
109,Te Anau,NZ,2022-07-19 03:54:03,-45.4167,167.7167,41.63,98,100,4.68
110,Clyde River,CA,2022-07-19 03:54:03,70.4692,-68.5914,35.83,100,100,5.75
111,Leningradskiy,RU,2022-07-19 03:54:03,69.3833,178.4167,34.41,99,100,13.53
112,Tiksi,RU,2022-07-19 03:54:04,71.6872,128.8694,33.67,87,100,23.35
113,East London,ZA,2022-07-19 03:54:04,-33.0153,27.9116,67.14,37,0,11.5
114,Vardo,NO,2022-07-19 03:54:04,70.3705,31.1107,55.18,84,75,6.8
115,Salta,AR,2022-07-19 03:54:04,-24.7859,-65.4117,43.57,69,0,4.61
116,Sadiqabad,PK,2022-07-19 03:54:05,28.3062,70.1307,94.91,54,37,7.4
117,Waipawa,NZ,2022-07-19 03:54:05,-41.4122,175.5153,57.04,67,92,9.64
118,Butaritari,KI,2022-07-19 03:54:05,3.0707,172.7902,82.49,74,57,16.98
119,Kavieng,PG,2022-07-19 03:54:06,-2.5744,150.7967,82.76,75,100,9.98
120,Bubaque,GW,2022-07-19 03:54:06,11.2833,-15.8333,78.75,85,100,14.05
121,Maragogi,BR,2022-07-19 03:54:06,-9.0122,-35.2225,73.78,83,44,11.01
122,Sinnamary,GF,2022-07-19 03:54:06,5.3833,-52.95,77.88,88,100,9.24
123,Nome,US,2022-07-19 03:54:07,64.5011,-165.4064,42.87,82,100,18.41
124,Amapa,BR,2022-07-19 03:54:07,1.0,-52.0,70.59,99,96,0.85
125,Upernavik,GL,2022-07-19 03:54:07,72.7868,-56.1549,43.57,78,100,6.46
126,Howard Springs,AU,2022-07-19 03:54:07,-12.497,131.047,87.87,47,70,2.57
127,Buin,CL,2022-07-19 03:54:09,-33.7333,-70.75,59.86,55,4,3.09
128,Lebu,CL,2022-07-19 03:54:10,-37.6167,-73.65,43.43,81,82,2.89
129,Saint-Pierre,RE,2022-07-19 03:54:10,-21.3393,55.4781,69.91,64,0,24.16
130,Marsaxlokk,MT,2022-07-19 03:54:10,35.8419,14.5431,80.08,78,0,4.61
131,Jamestown,US,2022-07-19 03:50:55,42.097,-79.2353,71.19,87,20,8.05
132,Saint-Philippe,RE,2022-07-19 03:54:11,-21.3585,55.7679,69.39,76,64,17.96
133,Namatanai,PG,2022-07-19 03:54:11,-3.6667,152.4333,85.28,63,78,8.21
134,Banda Aceh,ID,2022-07-19 03:54:11,5.5577,95.3222,84.72,65,95,12.66
135,Wakkanai,JP,2022-07-19 03:54:11,45.4094,141.6739,75.18,64,20,8.05
136,Hasaki,JP,2022-07-19 03:55:12,35.7333,140.8333,84.6,79,100,18.32
137,Nola,IT,2022-07-19 03:55:12,40.922,14.5329,81.63,55,0,4.85
138,Mahajanga,MG,2022-07-19 03:55:12,-15.7167,46.3167,64.42,72,20,4.61
139,Sabang,ID,2022-07-19 03:55:12,5.8933,95.3214,82.99,72,91,16.8
140,Cherskiy,RU,2022-07-19 03:55:13,68.75,161.3,51.1,56,51,22.35
141,Leshukonskoye,RU,2022-07-19 03:55:13,64.8989,45.7622,56.43,96,100,7.43
142,Saskylakh,RU,2022-07-19 03:55:13,71.9167,114.0833,43.41,68,100,16.4
143,Bredasdorp,ZA,2022-07-19 03:55:14,-34.5322,20.0403,53.64,85,99,3.02
144,Saint-Georges,GD,2022-07-19 03:50:20,12.0564,-61.7485,79.61,80,12,15.32
145,Chhapar,IN,2022-07-19 03:55:14,27.8167,74.4,93.0,55,38,7.65
146,Kudahuvadhoo,MV,2022-07-19 03:55:14,2.6708,72.8944,82.06,76,100,17.22
147,Ahuimanu,US,2022-07-19 03:55:14,21.4447,-157.8378,81.54,73,68,5.01
148,Iqaluit,CA,2022-07-19 03:55:15,63.7506,-68.5145,38.93,93,75,13.8
149,Santa Rita,BR,2022-07-19 03:52:02,-7.1139,-34.9781,74.07,88,40,11.5
150,Pochutla,MX,2022-07-19 03:55:15,15.7432,-96.4661,80.82,84,2,3.6
151,Nuuk,GL,2022-07-19 03:50:19,64.1835,-51.7216,49.87,76,100,3.0
152,Bulgan,MN,2022-07-19 03:55:15,48.8125,103.5347,71.28,51,89,3.0
153,Yerbogachen,RU,2022-07-19 03:55:13,61.2767,108.0108,75.65,43,65,9.78
154,Baker City,US,2022-07-19 03:52:08,44.7749,-117.8344,69.51,37,0,9.22
155,Daru,PG,2022-07-19 03:55:16,-9.0763,143.2092,78.24,89,76,16.42
156,Klaksvik,FO,2022-07-19 03:55:16,62.2266,-6.589,50.92,93,95,16.4
157,Kushiro,JP,2022-07-19 03:55:16,42.975,144.3747,70.75,83,75,12.66
158,Thinadhoo,MV,2022-07-19 03:55:16,0.5333,72.9333,82.27,76,73,10.11
159,Longyearbyen,SJ,2022-07-19 03:51:30,78.2186,15.6401,53.44,66,75,14.97
160,Mana,GF,2022-07-19 03:55:17,5.6592,-53.7767,77.14,90,100,7.58
161,Cooma,AU,2022-07-19 03:55:17,-36.2333,149.1333,42.84,59,94,6.89
162,Yelizovo,RU,2022-07-19 03:55:17,53.1873,158.3805,68.14,72,20,18.01
163,Bomet,KE,2022-07-19 03:55:17,-0.7813,35.3416,52.83,88,92,6.02
164,Harper,LR,2022-07-19 03:55:18,4.375,-7.7169,73.9,79,100,10.6
165,Carnarvon,AU,2022-07-19 03:55:13,-24.8667,113.6333,71.96,38,0,10.25
166,Andapa,MG,2022-07-19 03:55:18,-14.65,49.65,58.59,98,65,0.38
167,Port Lincoln,AU,2022-07-19 03:55:18,-34.7333,135.8667,54.23,59,100,14.99
168,Talnakh,RU,2022-07-19 03:55:19,69.4865,88.3972,65.21,37,61,16.78
169,Umm Lajj,SA,2022-07-19 03:55:19,25.0213,37.2685,85.41,53,4,6.96
170,Sao Joao Da Barra,BR,2022-07-19 03:55:19,-21.6403,-41.0511,70.27,89,28,7.67
171,Kumba,CM,2022-07-19 03:55:20,4.6363,9.4469,70.29,94,100,1.52
172,Ancud,CL,2022-07-19 03:55:20,-41.8697,-73.8203,42.22,83,25,10.6
173,Basco,PH,2022-07-19 03:55:20,20.4487,121.9702,85.41,80,93,16.33
174,Anamur,TR,2022-07-19 03:55:21,36.0751,32.8369,80.19,55,0,8.61
175,Codrington,AU,2022-07-19 03:55:21,-38.2667,141.9667,52.61,56,11,8.23
176,Port Hardy,CA,2022-07-19 03:55:22,50.6996,-127.4199,59.18,82,100,4.61
177,Kitimat,CA,2022-07-19 03:55:22,54.0524,-128.6534,61.18,23,100,4.09
178,Goure,NE,2022-07-19 03:55:23,13.9835,10.2704,75.02,71,42,12.93
179,Longavi,CL,2022-07-19 03:51:33,-35.9667,-71.6833,42.44,92,72,4.43
180,Port Augusta,AU,2022-07-19 03:55:23,-32.5,137.7667,59.4,35,4,6.73
181,Rawson,AR,2022-07-19 03:56:23,-43.3002,-65.1023,41.0,50,0,12.24
182,Khandyga,RU,2022-07-19 03:56:23,62.6667,135.6,77.61,50,92,9.8
183,Westport,US,2022-07-19 03:56:24,41.1415,-73.3579,78.75,95,100,5.01
184,Tecoanapa,MX,2022-07-19 03:56:24,16.5167,-98.75,80.28,82,100,4.7
185,Araguaina,BR,2022-07-19 03:52:22,-7.1911,-48.2072,74.95,47,13,4.83
186,Verkhnyaya Toyma,RU,2022-07-19 03:56:24,62.2349,44.9985,60.13,98,100,7.94
187,Port Alfred,ZA,2022-07-19 03:56:24,-33.5906,26.891,62.33,56,19,3.98
188,Springe,DE,2022-07-19 03:56:25,52.2085,9.5542,63.48,89,5,3.53
189,Norman Wells,CA,2022-07-19 03:55:23,65.282,-126.8329,66.24,68,75,13.8
190,Tiarei,PF,2022-07-19 03:56:25,-17.5333,-149.3333,78.82,71,12,1.86
191,Santa Rosa,PH,2022-07-19 03:56:25,14.3122,121.1114,93.11,70,44,6.49
192,Ust-Nera,RU,2022-07-19 03:56:25,64.5667,143.2,84.07,40,100,11.01
193,Berlevag,NO,2022-07-19 03:56:26,70.8578,29.0864,60.6,79,84,6.06
194,Ribeira Grande,PT,2022-07-19 03:56:26,38.5167,-28.7,71.87,91,22,1.16
195,Knyaze-Volkonskoye,RU,2022-07-19 03:56:26,48.4642,135.4567,66.54,95,100,4.23
196,Barcelos,PT,2022-07-19 03:56:26,41.5388,-8.6151,66.85,95,36,4.61
197,Bayeux,BR,2022-07-19 03:52:43,-7.125,-34.9322,74.03,88,40,11.5
198,Westerland,DE,2022-07-19 03:56:27,54.9079,8.3033,56.95,76,22,5.82
199,Labrea,BR,2022-07-19 03:56:27,-7.2586,-64.7981,79.16,68,94,1.68
200,College,US,2022-07-19 03:56:27,64.8569,-147.8028,63.0,64,100,10.36
201,Umba,RU,2022-07-19 03:56:27,66.6871,34.3429,55.83,82,88,4.18
202,Port Elizabeth,ZA,2022-07-19 03:56:28,-33.918,25.5701,59.31,96,75,8.05
203,Portland,US,2022-07-19 03:54:48,45.5234,-122.6762,73.89,58,0,5.99
204,Cosenza,IT,2022-07-19 03:53:39,39.31,16.2502,75.51,76,0,3.44
205,Esperance,AU,2022-07-19 03:56:28,-33.8667,121.9,60.44,71,4,7.2
206,Hualmay,PE,2022-07-19 03:56:28,-11.0964,-77.6139,61.43,85,99,9.55
207,Sibiti,CG,2022-07-19 03:56:29,-3.6819,13.3499,62.46,98,42,1.95
208,Paramonga,PE,2022-07-19 03:56:29,-10.6667,-77.8333,61.86,86,98,8.34
209,Jiwani,PK,2022-07-19 03:56:29,25.05,61.7417,84.31,87,27,15.35
210,Coahuayana,MX,2022-07-19 03:56:29,18.7333,-103.6833,78.55,84,100,1.81
211,Ruwi,OM,2022-07-19 03:56:30,23.5996,58.5507,87.26,79,57,7.09
212,Chuy,UY,2022-07-19 03:56:30,-33.6971,-53.4616,46.0,91,89,4.74
213,Ureshino,JP,2022-07-19 03:56:30,33.1,129.9833,83.35,93,100,12.73
214,Aron,IN,2022-07-19 03:56:30,24.3833,77.4167,87.49,62,42,4.99
215,Puyang,CN,2022-07-19 03:56:31,29.4603,119.8861,89.49,70,99,4.25
216,Havre-Saint-Pierre,CA,2022-07-19 03:56:31,50.2334,-63.5986,55.76,94,0,3.44
217,Khani,GE,2022-07-19 03:56:31,41.9563,42.9566,63.97,96,100,1.61
218,Camacha,PT,2022-07-19 03:56:31,33.0833,-16.3333,65.62,77,40,8.05
219,Fayaoue,NC,2022-07-19 03:56:31,-20.65,166.5333,77.31,84,67,13.06
220,Nagayo,JP,2022-07-19 03:56:32,32.8242,129.8861,83.55,84,75,19.57
221,Trinidad,BO,2022-07-19 03:56:32,-14.8333,-64.9,71.06,73,12,2.06
222,Manokwari,ID,2022-07-19 03:56:33,-0.8667,134.0833,83.28,69,93,5.06
223,Coquimbo,CL,2022-07-19 03:56:33,-29.9533,-71.3436,51.53,93,0,4.61
224,Bilibino,RU,2022-07-19 03:56:33,68.0546,166.4372,48.43,91,100,2.04
225,Hanmer Springs,NZ,2022-07-19 03:56:34,-42.5167,172.8167,51.21,87,81,2.51
226,Mar Del Plata,AR,2022-07-19 03:57:34,-38.0023,-57.5575,41.88,87,0,5.99
227,Pionerskiy,RU,2022-07-19 03:57:34,54.9508,20.2275,60.75,86,100,11.18
228,Kathmandu,NP,2022-07-19 03:57:34,27.7167,85.3167,79.02,69,75,2.3
229,Nikolskoye,RU,2022-07-19 03:57:34,59.7035,30.7861,60.87,74,69,5.12
230,Grootfontein,NA,2022-07-19 03:57:35,-19.5667,18.1167,36.97,75,0,1.14
231,Luderitz,NA,2022-07-19 03:57:35,-26.6481,15.1594,55.42,87,0,10.2
232,Kardailovo,RU,2022-07-19 03:57:35,51.5386,53.9042,77.22,64,1,17.52
233,Hami,CN,2022-07-19 03:57:35,42.8,93.45,90.1,18,100,3.13
234,Porbandar,IN,2022-07-19 03:57:36,21.6422,69.6093,82.42,82,94,13.18
235,Kahului,US,2022-07-19 03:57:36,20.8947,-156.47,78.96,79,17,14.76
236,Pevek,RU,2022-07-19 03:56:39,69.7008,170.3133,34.16,91,92,2.93
237,Tigil,RU,2022-07-19 03:57:36,57.8,158.6667,72.25,64,20,10.76
238,Winnemucca,US,2022-07-19 03:56:56,40.973,-117.7357,83.82,22,63,7.63
239,Hilo,US,2022-07-19 03:54:58,19.7297,-155.09,79.29,96,100,9.22
240,Sao Joao Do Piaui,BR,2022-07-19 03:57:36,-8.3581,-42.2467,71.46,61,1,6.69
241,Tura,IN,2022-07-19 03:57:37,25.5198,90.2201,81.07,80,100,7.52
242,Changji,CN,2022-07-19 03:57:37,44.0167,87.3167,77.79,53,0,11.18
243,Polovinnoye,RU,2022-07-19 03:57:37,54.7914,65.9864,70.48,68,0,3.2
244,Walla Walla,US,2022-07-19 03:57:37,46.0646,-118.343,73.87,52,0,5.99
245,Diu,IN,2022-07-19 03:57:38,20.7141,70.9822,80.17,87,100,9.73
246,Estelle,US,2022-07-19 03:57:38,29.8458,-90.1067,84.99,75,100,3.0
247,Nisia Floresta,BR,2022-07-19 03:57:38,-6.0911,-35.2086,77.38,93,92,9.42
248,Tsiroanomandidy,MG,2022-07-19 03:57:38,-18.7667,46.0333,55.11,77,3,2.42
249,Broken Hill,AU,2022-07-19 03:55:09,-31.95,141.4333,52.38,41,6,11.03
250,Kodinsk,RU,2022-07-19 03:57:39,58.6881,99.1844,66.36,54,58,9.4
251,Oruro,BO,2022-07-19 03:57:39,-17.9833,-67.15,44.49,59,87,3.42
252,Humaita,BR,2022-07-19 03:57:39,-7.5061,-63.0208,74.75,59,4,2.42
253,Tambura,SS,2022-07-19 03:57:39,5.6,27.4667,67.5,99,100,5.59
254,Vostok,RU,2022-07-19 03:57:40,46.4856,135.8833,69.76,79,96,3.6
255,San Patricio,US,2022-07-19 03:52:58,28.017,-97.5169,84.88,79,9,12.55
256,Ayorou,NE,2022-07-19 03:57:40,14.7308,0.9174,78.35,67,71,9.1
257,Aguachica,CO,2022-07-19 03:57:40,8.3084,-73.6166,76.3,83,99,3.53
258,Oranjemund,NA,2022-07-19 03:57:41,-28.55,16.4333,53.15,95,7,4.29
259,Paranhos,BR,2022-07-19 03:57:41,-23.8928,-55.4311,59.18,93,2,4.59
260,Havelock,US,2022-07-19 03:53:42,34.8791,-76.9013,84.18,88,20,13.8
261,Yarada,IN,2022-07-19 03:57:41,17.65,83.2667,88.12,74,40,10.36
262,Teya,RU,2022-07-19 03:55:11,60.3778,92.6267,58.19,90,99,2.82
263,Matamoros,MX,2022-07-19 03:57:42,25.5333,-103.25,85.14,26,51,13.51
264,Kenora,CA,2022-07-19 03:57:42,49.8167,-94.4337,76.17,69,75,6.91
265,Huejuquilla El Alto,MX,2022-07-19 03:57:42,22.6,-103.8667,61.88,77,53,5.12
266,Port Macquarie,AU,2022-07-19 03:57:43,-31.4333,152.9167,60.89,66,19,13.02
267,Constitucion,CL,2022-07-19 03:57:43,-35.3333,-72.4167,47.55,89,73,5.88
268,Pombia,IT,2022-07-19 03:57:43,45.653,8.6336,77.25,70,75,5.75
269,Fortuna,US,2022-07-19 03:56:12,40.5982,-124.1573,58.08,81,4,1.01
270,South Venice,US,2022-07-19 03:57:44,27.0531,-82.4243,84.97,90,75,4.61
271,Nhulunbuy,AU,2022-07-19 03:57:44,-12.2333,136.7667,81.21,61,0,17.27
272,Keningau,MY,2022-07-19 03:57:44,5.3378,116.1602,89.06,48,100,0.38
273,Lompoc,US,2022-07-19 03:58:44,34.6391,-120.4579,75.34,81,8,1.01
274,Kiunga,PG,2022-07-19 03:58:45,-6.1219,141.2906,78.17,91,99,4.21
275,Nizwa,OM,2022-07-19 03:58:45,22.9333,57.5333,87.4,54,25,2.15
276,Changli,CN,2022-07-19 03:58:45,39.7042,119.1506,86.41,54,99,3.4
277,Carlsbad,US,2022-07-19 03:55:55,33.1581,-117.3506,78.84,86,12,1.99
278,Presidencia Roque Saenz Pena,AR,2022-07-19 03:58:45,-26.7852,-60.4388,54.43,65,100,4.52
279,Villa Del Rosario,CO,2022-07-19 03:58:46,7.8339,-72.4742,73.78,83,40,8.05
280,Aksu,CN,2022-07-19 03:58:46,41.1231,80.2644,90.57,16,4,13.58
281,Leshan,CN,2022-07-19 03:58:46,29.5623,103.7639,69.31,96,100,6.08
282,Marzuq,YE,2022-07-19 03:58:46,14.4,46.4667,77.14,53,100,9.35
283,Praia,CV,2022-07-19 03:54:00,14.9215,-23.5087,75.74,83,75,13.8
284,Caravelas,BR,2022-07-19 03:58:47,-17.7125,-39.2481,69.66,89,23,4.76
285,Olafsvik,IS,2022-07-19 03:58:47,64.8945,-23.7142,52.68,78,100,8.37
286,Hermiston,US,2022-07-19 03:58:47,45.8404,-119.2895,80.19,40,0,4.43
287,Pisco,PE,2022-07-19 03:58:47,-13.7,-76.2167,60.85,82,100,5.75
288,Progreso,MX,2022-07-19 03:58:48,21.2833,-89.6667,80.11,82,1,11.97
289,Hovd,MN,2022-07-19 03:58:48,48.0056,91.6419,63.77,40,50,10.07
290,Yar-Sale,RU,2022-07-19 03:58:48,66.8333,70.8333,66.58,44,87,11.21
291,Nemuro,JP,2022-07-19 03:55:11,43.3236,145.575,61.92,96,99,7.38
292,Hambantota,LK,2022-07-19 03:58:48,6.1241,81.1185,86.34,79,20,8.05
293,Walvis Bay,NA,2022-07-19 03:58:49,-22.9575,14.5053,54.09,93,100,10.36
294,Laguna,US,2022-07-19 03:58:49,38.421,-121.4238,89.74,26,14,9.69
295,Nanfeng,CN,2022-07-19 03:58:49,23.7434,111.7959,91.99,60,100,5.12
296,Ostrovnoy,RU,2022-07-19 03:58:50,68.0531,39.5131,59.31,72,72,5.03
297,Arkhara,RU,2022-07-19 03:58:50,49.4212,130.0842,74.32,73,100,3.8
298,Lata,PT,2022-07-19 03:58:50,40.1629,-8.3327,61.11,92,59,1.01
299,Gat,IL,2022-07-19 03:58:01,31.61,34.7642,78.4,71,0,1.12
300,Conceicao Da Barra,BR,2022-07-19 03:58:51,-18.5933,-39.7322,68.95,88,2,4.16
301,Dubbo,AU,2022-07-19 03:57:28,-32.25,148.6167,57.33,51,100,12.66
302,Pasighat,IN,2022-07-19 03:58:51,28.0667,95.3333,76.82,99,100,2.75
303,Shakawe,BW,2022-07-19 03:58:51,-18.3667,21.85,46.74,68,0,4.34
304,Kyzyl-Suu,KG,2022-07-19 03:58:52,42.3414,78.0056,70.47,48,6,6.71
305,Omboue,GA,2022-07-19 03:58:52,-1.5746,9.2618,70.95,86,100,5.95
306,Inuvik,CA,2022-07-19 03:58:06,68.3499,-133.7218,61.81,100,100,4.61
307,Mitu,CO,2022-07-19 03:58:52,1.1983,-70.1733,71.47,99,93,0.45
308,Dunedin,NZ,2022-07-19 03:58:52,-45.8742,170.5036,46.15,89,100,5.06
309,Souillac,MU,2022-07-19 03:58:53,-20.5167,57.5167,68.38,77,75,11.5
310,Victoria,HK,2022-07-19 03:54:17,22.2855,114.1577,91.45,89,100,1.99
311,Great Yarmouth,GB,2022-07-19 03:58:53,52.6083,1.7305,72.95,67,83,8.57
312,La Macarena,CO,2022-07-19 03:58:53,2.1837,-73.7849,71.83,95,98,1.61
313,Sun Valley,US,2022-07-19 03:58:38,39.5963,-119.776,83.57,30,20,4.61
314,Ucluelet,CA,2022-07-19 03:58:54,48.9329,-125.5528,60.1,85,1,1.01
315,Simao,CN,2022-07-19 03:58:54,22.7886,100.9748,71.29,88,98,1.54
316,Avera,US,2022-07-19 03:58:54,33.194,-82.5271,79.56,70,96,9.33
317,Nador,MA,2022-07-19 03:58:54,35.174,-2.9287,77.25,78,100,3.44
318,Marquette,US,2022-07-19 03:58:55,46.5333,-87.6335,76.44,87,56,10.56
319,Log,RU,2022-07-19 03:59:55,49.4844,43.8613,63.84,63,0,10.58
320,Azul,AR,2022-07-19 03:59:55,-36.777,-59.8585,40.33,65,38,4.88
321,Mareeba,AU,2022-07-19 03:59:55,-17.0,145.4333,76.44,62,0,4.07
322,Sungaipenuh,ID,2022-07-19 03:59:56,-2.0833,101.3833,81.23,51,43,3.53
323,Vanimo,PG,2022-07-19 03:59:56,-2.6741,141.3028,82.02,78,80,4.21
324,Vila Velha,BR,2022-07-19 03:57:53,-20.3297,-40.2925,67.95,91,40,2.3
325,Sao Francisco De Paula,BR,2022-07-19 03:59:56,-29.4481,-50.5836,48.04,98,29,1.16
326,Torbay,CA,2022-07-19 03:59:56,47.6666,-52.7314,65.39,81,75,16.11
327,Lasa,IT,2022-07-19 03:59:57,46.6166,10.7002,64.36,84,14,0.96
328,Lorengau,PG,2022-07-19 03:59:57,-2.0226,147.2712,81.18,77,100,2.46
329,Mathbaria,BD,2022-07-19 03:59:58,22.2876,89.9593,85.28,79,100,10.87
330,Warrnambool,AU,2022-07-19 03:59:59,-38.3833,142.4833,53.82,53,8,8.28
331,Otjimbingwe,NA,2022-07-19 03:59:59,-22.35,16.1333,54.9,36,0,6.96
332,Mandalgovi,MN,2022-07-19 04:00:00,45.7625,106.2708,82.65,22,97,19.89
333,Spanish Town,JM,2022-07-19 04:00:00,17.9911,-76.9574,83.82,73,20,11.5
334,Sardinata,CO,2022-07-19 04:00:00,8.0829,-72.8007,74.88,81,98,3.8
335,Cayenne,GF,2022-07-19 04:00:00,4.9333,-52.3333,76.08,1,0,1.14
336,La Ronge,CA,2022-07-19 04:00:01,55.1001,-105.2842,65.7,50,40,4.65
337,Tuatapere,NZ,2022-07-19 04:00:01,-46.1333,167.6833,45.23,85,100,7.9
338,Lavrentiya,RU,2022-07-19 04:00:01,65.5833,-171.0,39.81,71,88,21.16
339,Bagdarin,RU,2022-07-19 04:00:02,54.4333,113.6,77.36,42,55,2.89
340,Ballina,AU,2022-07-19 04:00:02,-28.8667,153.5667,52.79,99,99,9.78
341,Bonavista,CA,2022-07-19 04:00:03,48.6499,-53.1147,59.41,92,49,16.71
342,Vao,NC,2022-07-19 04:00:03,-22.6667,167.4833,72.86,84,96,16.75
343,Richards Bay,ZA,2022-07-19 04:00:04,-28.783,32.0377,62.58,85,0,9.71
344,Zvishavane,ZW,2022-07-19 04:00:05,-20.3267,30.0665,50.68,89,5,0.31
345,Kosh-Agach,RU,2022-07-19 04:00:06,50.0,88.6667,52.66,60,81,2.77
346,Naze,JP,2022-07-19 04:00:06,28.3667,129.4833,86.92,80,100,16.62
347,Colares,PT,2022-07-19 04:00:07,38.7992,-9.4469,68.32,74,1,14.0
348,Kattivakkam,IN,2022-07-19 04:00:08,13.2167,80.3167,89.69,76,100,7.61
349,Inverness,GB,2022-07-19 04:00:10,57.4791,-4.224,57.97,94,100,0.0
350,Saint Anthony,US,2022-07-19 04:00:11,45.0205,-93.218,84.13,68,0,11.5
351,Vallenar,CL,2022-07-19 04:00:12,-28.5708,-70.7581,60.58,35,0,1.39
352,Novyy Urgal,RU,2022-07-19 04:00:13,51.0736,132.5642,63.59,83,100,6.93
353,Ginda,IN,2022-07-19 04:00:13,30.6945,78.4932,73.78,78,97,2.95
354,Sajanan,TN,2022-07-19 04:00:15,37.0573,9.2426,78.93,44,0,4.29
355,Yulara,AU,2022-07-19 04:00:16,-25.2406,130.9889,71.74,18,0,8.01
356,Dolores,AR,2022-07-19 04:00:16,-36.3132,-57.6792,39.96,89,28,5.5
357,Ende,ID,2022-07-19 04:00:16,-8.8432,121.6623,82.11,59,23,4.81
358,Caronport,CA,2022-07-19 04:00:17,50.4501,-105.8179,66.02,94,94,11.12
359,Hofn,IS,2022-07-19 04:00:18,64.2539,-15.2082,50.25,87,100,12.15
360,Gadwal,IN,2022-07-19 04:01:18,16.2333,77.8,81.18,68,42,13.94
361,Nara,JP,2022-07-19 04:01:05,34.6851,135.8049,79.5,95,100,2.08
362,Aksarka,RU,2022-07-19 04:01:18,66.5606,67.7975,68.54,51,60,9.17
363,Santo Antonio Do Ica,BR,2022-07-19 04:01:19,-3.1022,-67.9397,73.45,97,68,1.52
364,Baykit,RU,2022-07-19 04:01:19,61.67,96.37,58.71,92,100,2.95
365,Harer,ET,2022-07-19 04:01:20,9.3094,42.1258,57.45,79,93,6.13
366,Cabedelo,BR,2022-07-19 04:01:20,-6.9811,-34.8339,74.95,85,43,14.54
367,Kudligi,IN,2022-07-19 04:01:20,14.9,76.3833,76.89,77,93,16.93
368,Kloulklubed,PW,2022-07-19 04:01:21,7.0419,134.2556,77.5,70,90,2.13
369,Veraval,IN,2022-07-19 04:01:21,20.9,70.3667,80.76,87,100,11.86
370,Denpasar,ID,2022-07-19 03:59:17,-8.65,115.2167,82.06,78,20,12.66
371,Camocim,BR,2022-07-19 04:01:21,-2.9022,-40.8411,74.95,79,12,12.59
372,Mehamn,NO,2022-07-19 04:01:21,71.0357,27.8492,58.95,77,0,3.44
373,Tambovka,RU,2022-07-19 04:01:22,50.0969,128.0489,80.89,56,82,3.42
374,Fairbanks,US,2022-07-19 03:58:20,64.8378,-147.7164,63.01,66,91,1.01
375,Alexandria,EG,2022-07-19 04:01:22,31.2156,29.9553,79.2,76,0,7.99
376,Ngunguru,NZ,2022-07-19 04:01:22,-35.6167,174.5,61.92,80,100,13.06
377,Khakhea,BW,2022-07-19 04:01:23,-24.6895,23.494,49.28,60,0,10.51
378,Severo-Kurilsk,RU,2022-07-19 04:01:23,50.6789,156.125,57.18,87,75,8.48
379,Beloha,MG,2022-07-19 04:01:23,-25.1667,45.05,59.61,87,0,8.97
380,Turukhansk,RU,2022-07-19 04:01:23,65.8167,87.9833,65.97,45,56,14.07
381,Acarau,BR,2022-07-19 04:00:48,-2.8856,-40.12,76.86,80,7,14.65
382,Darhan,MN,2022-07-19 04:01:24,49.4867,105.9228,80.64,36,74,3.11
383,Kailahun,SL,2022-07-19 04:01:24,8.2833,-10.5667,68.92,99,100,2.55
384,Zhangjiakou,CN,2022-07-19 04:01:24,40.81,114.8794,83.55,23,100,2.93
385,Mitsamiouli,KM,2022-07-19 04:01:25,-11.3847,43.2844,75.9,71,11,12.48
386,Evensk,RU,2022-07-19 04:01:25,61.95,159.2333,51.62,94,100,8.9
387,Karratha,AU,2022-07-19 04:01:25,-20.7377,116.8463,79.43,30,5,10.76
388,Wakiso,UG,2022-07-19 03:59:08,0.4044,32.4594,67.55,69,98,1.45
389,Saint George,US,2022-07-19 04:00:18,37.1041,-113.5841,96.94,26,75,8.05
390,Rambha,IN,2022-07-19 04:01:25,19.5167,85.1,88.66,62,96,10.92
391,Mount Isa,AU,2022-07-19 04:01:26,-20.7333,139.5,76.77,27,0,9.22
392,Vila Real De Santo Antonio,PT,2022-07-19 03:58:49,37.195,-7.4177,69.35,83,0,13.51
393,Campbell River,CA,2022-07-19 04:00:25,50.0163,-125.2446,64.45,86,8,1.28
394,Shasta Lake,US,2022-07-19 04:01:26,40.6804,-122.3708,92.12,24,0,1.95
395,Nouakchott,MR,2022-07-19 04:00:15,18.0858,-15.9785,78.73,86,33,10.18
396,Menongue,AO,2022-07-19 04:01:26,-14.6585,17.691,43.34,61,0,4.29
397,Loiza,PR,2022-07-19 04:01:26,18.4313,-65.8802,80.08,91,3,11.05
398,Miyako,JP,2022-07-19 04:01:27,39.6367,141.9525,76.32,80,100,4.41
399,Sal Rei,CV,2022-07-19 04:01:27,16.1833,-22.9167,74.95,86,100,13.11
400,Kruisfontein,ZA,2022-07-19 03:58:00,-34.0033,24.7314,54.88,91,54,4.41
401,Takoradi,GH,2022-07-19 04:01:27,4.8845,-1.7554,74.61,81,99,9.55
402,Porto Santo,PT,2022-07-19 04:01:27,33.072,-16.3415,68.38,77,40,8.05
403,Mudgee,AU,2022-07-19 04:01:28,-32.5943,149.5871,52.79,60,61,9.93
404,Kavaratti,IN,2022-07-19 04:01:28,10.5669,72.642,80.76,80,100,21.68
405,Fallon,US,2022-07-19 03:58:48,39.4735,-118.7774,82.92,23,86,3.91
406,Jhanjharpur,IN,2022-07-19 04:02:28,26.2667,86.2833,91.42,59,89,7.23
407,Yambio,SS,2022-07-19 04:00:18,4.5721,28.3955,66.96,99,100,2.95
408,Terrace,CA,2022-07-19 04:02:29,54.5163,-128.6035,55.44,100,100,2.55
409,Vaitape,PF,2022-07-19 04:02:29,-16.5167,-151.75,76.37,71,6,5.39
410,Talara,PE,2022-07-19 04:02:29,-4.5772,-81.2719,62.74,88,81,16.69
411,Artyom,AZ,2022-07-19 04:02:29,40.4723,50.333,84.34,71,0,27.16
412,Lagoa,PT,2022-07-19 04:02:29,39.05,-27.9833,68.65,89,100,11.1
413,Abashiri,JP,2022-07-19 04:02:30,44.0213,144.2697,64.42,91,37,10.09
414,Jamame,SO,2022-07-19 04:02:30,0.0722,42.7506,74.98,75,88,13.06
415,Hamilton,US,2022-07-19 04:01:29,39.1834,-84.5333,73.78,92,0,0.0
416,Taltal,CL,2022-07-19 04:00:21,-25.4,-70.4833,56.88,74,33,2.93
417,Vanavara,RU,2022-07-19 04:02:30,60.34,102.2797,69.58,53,100,6.91
418,Linqiong,CN,2022-07-19 04:02:31,30.4159,103.4609,70.68,92,100,5.17
419,Fort Nelson,CA,2022-07-19 04:02:31,58.8053,-122.7002,63.99,82,75,5.75
420,Guerrero Negro,MX,2022-07-19 04:02:31,27.9769,-114.0611,70.84,73,48,15.35
421,Zaraza,VE,2022-07-19 04:02:31,9.3503,-65.3245,72.77,96,32,4.32
422,Bintulu,MY,2022-07-19 04:02:32,3.1667,113.0333,87.06,59,87,2.64
423,Nantucket,US,2022-07-19 04:02:32,41.2835,-70.0995,75.34,94,100,14.97
424,Voyvozh,RU,2022-07-19 04:02:32,62.892,54.9635,72.01,50,28,7.61
425,Katsuura,JP,2022-07-19 04:02:32,35.1333,140.3,78.82,85,100,22.1
426,Conil,FR,2022-07-19 04:02:33,44.9673,3.7177,57.79,63,0,6.04
427,Elat,IL,2022-07-19 04:01:53,29.5581,34.9482,84.04,45,0,6.91
428,Sukhumi,GE,2022-07-19 04:02:33,43.0033,41.0153,72.77,93,99,8.5
429,Buala,SB,2022-07-19 04:02:33,-8.145,159.5921,85.14,66,50,6.44
430,Jacareacanga,BR,2022-07-19 04:02:33,-6.2222,-57.7528,75.76,59,63,1.54
431,Songea,TZ,2022-07-19 04:02:34,-10.6833,35.65,57.88,89,100,3.94
432,Xining,CN,2022-07-19 04:00:13,36.6167,101.7667,66.27,50,12,5.86
433,Komsomolskiy,UZ,2022-07-19 04:02:34,40.4272,71.7189,88.52,23,0,9.22
434,Dekar,BW,2022-07-19 04:02:34,-21.5333,21.9333,47.66,67,0,7.02
435,Methven,NZ,2022-07-19 04:02:34,-43.6333,171.65,40.01,100,100,3.0
436,Poum,NC,2022-07-19 04:02:35,-20.2333,164.0167,76.48,83,73,10.18
437,Kieta,PG,2022-07-19 04:00:26,-6.2167,155.6333,84.56,68,93,5.91
438,Doha,QA,2022-07-19 04:00:18,25.2867,51.5333,96.78,49,73,9.22
439,Eureka,US,2022-07-19 04:01:56,40.8021,-124.1637,59.25,84,9,1.01
440,Port Antonio,JM,2022-07-19 04:02:35,18.18,-76.4612,80.01,85,43,5.88
441,Taoudenni,ML,2022-07-19 04:02:35,22.6783,-3.9836,92.14,10,4,6.13
442,Zheleznodorozhnyy,RU,2022-07-19 04:02:35,55.7503,38.0042,58.55,74,56,9.53
443,Milos,GR,2022-07-19 04:02:36,36.75,24.4333,72.48,71,0,34.0
444,Fourmies,FR,2022-07-19 04:02:36,50.0153,4.0478,69.01,39,3,8.46
445,Tessalit,ML,2022-07-19 04:02:36,20.1986,1.0114,84.61,47,45,12.55
446,Marawi,PH,2022-07-19 04:02:37,7.9986,124.2928,75.67,79,100,2.71
447,Uberlandia,BR,2022-07-19 04:02:36,-18.9186,-48.2772,61.39,35,36,5.37
448,Mount Gambier,AU,2022-07-19 04:02:37,-37.8333,140.7667,53.02,53,33,6.22
449,Grand-Santi,GF,2022-07-19 04:02:37,4.25,-54.3833,73.26,99,100,2.13
450,Nouadhibou,MR,2022-07-19 04:02:37,20.931,-17.0347,67.78,91,38,13.38
451,Whitianga,NZ,2022-07-19 04:02:38,-36.8333,175.7,59.22,89,99,12.88
452,Karaton,ID,2022-07-19 04:03:38,-6.3424,106.1045,87.8,56,8,1.36
453,Pauini,BR,2022-07-19 04:03:38,-7.7136,-66.9764,78.67,69,99,1.23
454,Bua Yai,TH,2022-07-19 04:03:38,15.5855,102.4259,94.86,77,68,11.56
455,Haines Junction,CA,2022-07-19 04:03:39,60.7522,-137.5108,53.11,68,36,6.38
456,Kununurra,AU,2022-07-19 04:02:07,-15.7667,128.7333,87.78,33,36,5.75
457,Bayonet Point,US,2022-07-19 04:03:39,28.3267,-82.6834,85.95,88,22,10.42
458,Brae,GB,2022-07-19 04:03:39,60.3964,-1.353,56.43,93,100,11.25
459,Emba,KZ,2022-07-19 04:03:39,48.8264,58.1442,93.36,19,5,16.89
460,Beringovskiy,RU,2022-07-19 04:03:40,63.05,179.3167,56.08,52,54,19.17
461,Zapolyarnyy,RU,2022-07-19 04:03:40,69.4154,30.8136,60.08,78,48,3.36
462,Aykhal,RU,2022-07-19 04:03:40,66.0,111.5,57.47,62,41,8.14
463,Bolobo,CD,2022-07-19 04:03:41,-2.1667,16.2333,69.31,91,32,2.26
464,Bengbu,CN,2022-07-19 04:03:41,32.9408,117.3608,90.12,51,82,3.85
465,Omaruru,NA,2022-07-19 04:03:41,-21.4333,15.9333,50.74,38,0,6.17
466,Santa Cruz,BO,2022-07-19 04:00:04,-17.8,-63.1667,67.84,85,88,5.12
467,Esso,RU,2022-07-19 04:03:42,55.9333,158.7,82.74,36,98,4.72
468,Alice Springs,AU,2022-07-19 04:03:08,-23.7,133.8833,72.95,20,0,8.05
469,Chapleau,CA,2022-07-19 04:02:48,47.8405,-83.4034,61.68,97,20,2.93
470,Moose Factory,CA,2022-07-19 04:02:58,51.2585,-80.6094,60.37,99,82,7.31
471,Arlit,NE,2022-07-19 04:03:42,18.7369,7.3853,87.91,37,93,6.98
472,Jever,DE,2022-07-19 04:03:42,53.5833,7.9,61.02,94,56,5.48
473,Acapulco,MX,2022-07-19 04:03:42,16.8634,-99.8901,82.22,83,75,5.75
474,Iki-Burul,RU,2022-07-19 04:03:43,45.8208,44.6472,71.67,61,100,14.12
475,Easton,US,2022-07-19 03:58:51,40.6884,-75.2207,76.42,94,53,10.0
476,Kampong Thum,KH,2022-07-19 04:03:43,12.7111,104.8887,89.38,63,12,2.1
477,Nanortalik,GL,2022-07-19 04:03:43,60.1432,-45.2371,46.87,80,86,10.67
478,Fethiye,TR,2022-07-19 04:03:43,36.6217,29.1164,84.07,46,0,10.49
479,Poli,TZ,2022-07-19 04:03:44,-3.3333,36.8,54.43,92,94,5.08
480,Wasilla,US,2022-07-19 04:03:44,61.5814,-149.4394,63.55,73,100,8.05
481,Kasangulu,CD,2022-07-19 04:03:44,-4.5911,15.1708,65.1,94,17,3.44
482,Portage,US,2022-07-19 04:03:44,41.1667,-81.1998,72.03,92,0,0.0
483,Sierre,CH,2022-07-19 04:03:45,46.2919,7.5356,71.24,51,0,1.14
484,Fare,PF,2022-07-19 04:03:45,-16.7,-151.0167,76.17,71,1,5.03
485,Maloy,NO,2022-07-19 04:03:45,61.9353,5.1136,55.13,78,67,5.06
486,Piacabucu,BR,2022-07-19 04:03:45,-10.4056,-36.4344,73.69,79,10,11.92
487,Bom Jesus,BR,2022-07-19 04:00:48,-9.0744,-44.3586,67.48,59,1,2.77
488,Isangel,VU,2022-07-19 04:03:46,-19.55,169.2667,80.22,73,68,10.11
489,La Palma,US,2022-07-19 04:03:46,33.8464,-118.0467,84.49,76,0,6.91
490,Udachnyy,RU,2022-07-19 04:03:46,66.4167,112.4,53.46,87,69,9.44
491,Pundaguitan,PH,2022-07-19 04:03:46,6.3711,126.1689,82.02,75,74,9.44
492,Tunduma,TZ,2022-07-19 04:03:47,-9.3,32.7667,48.49,97,13,5.12
493,Rongai,KE,2022-07-19 04:03:47,-0.1733,35.8638,53.31,89,60,3.58
494,Samarai,PG,2022-07-19 04:03:47,-10.6167,150.6667,81.63,78,39,8.72
495,Zwedru,LR,2022-07-19 04:03:47,6.0667,-8.1281,66.78,99,86,2.53
496,Korla,CN,2022-07-19 04:03:48,41.7597,86.1469,88.81,16,70,13.89
497,Jodhpur,IN,2022-07-19 04:00:06,26.2867,73.03,88.29,65,9,9.91
498,Qingdao,CN,2022-07-19 04:04:48,36.0986,120.3719,82.58,64,80,5.66
499,Otane,NZ,2022-07-19 04:04:48,-39.8833,176.6333,58.01,76,100,9.24
500,Ojinaga,MX,2022-07-19 04:04:48,29.5667,-104.4167,94.41,24,0,11.5
501,Opuwo,NA,2022-07-19 04:04:49,-18.0607,13.84,53.46,42,0,4.94
502,Minnedosa,CA,2022-07-19 04:04:49,50.2453,-99.8436,69.33,92,84,10.67
503,Inongo,CD,2022-07-19 04:04:49,-1.95,18.2667,64.85,99,87,1.68
504,Necochea,AR,2022-07-19 04:04:49,-38.5473,-58.7368,40.17,78,100,7.14
505,Chicama,PE,2022-07-19 04:04:50,-7.8447,-79.1469,59.54,85,61,5.19
506,Mariakani,KE,2022-07-19 04:04:50,-3.8633,39.4736,66.02,96,50,5.48
507,Plaine Magnien,MU,2022-07-19 04:04:50,-20.4286,57.6531,69.4,68,75,19.57
508,Arica,CL,2022-07-19 04:04:15,-18.475,-70.3042,59.23,77,100,3.44
509,Am Timan,TD,2022-07-19 04:04:50,11.0297,20.2827,72.25,91,100,4.12
510,Pueblo,US,2022-07-19 04:00:47,38.2545,-104.6091,81.84,52,96,6.96
511,Kasongo,CD,2022-07-19 04:04:51,-4.45,26.6667,73.69,61,93,3.22
512,Robertsport,LR,2022-07-19 04:04:51,6.7533,-11.3686,76.95,80,100,16.71
513,Huescar,ES,2022-07-19 04:04:51,37.811,-2.5412,67.12,49,0,0.31
514,Mackay,AU,2022-07-19 04:04:51,-21.15,149.2,66.69,71,0,13.35
515,Tawau,MY,2022-07-19 04:04:52,4.2498,117.8871,83.1,74,96,3.18
516,Fokino,RU,2022-07-19 04:04:52,42.9836,132.4047,70.2,77,86,4.7
517,Qasigiannguit,GL,2022-07-19 04:04:52,68.8193,-51.1922,46.65,84,96,0.76
518,Nyzhnya Duvanka,UA,2022-07-19 04:04:52,49.5846,38.1743,60.17,76,0,6.42
519,Texarkana,US,2022-07-19 04:04:53,33.4251,-94.0477,91.62,46,0,8.05
520,Einbeck,DE,2022-07-19 04:04:53,51.8167,9.8667,70.68,77,2,3.89
521,Huilong,CN,2022-07-19 04:04:53,31.8111,121.655,86.94,71,71,3.33
522,Balabac,PH,2022-07-19 04:04:54,7.9868,117.0645,85.3,69,100,8.84
523,Yiyang,CN,2022-07-19 04:04:54,28.5892,112.3283,79.11,95,100,5.19
524,Prince Rupert,CA,2022-07-19 04:00:14,54.3161,-130.3201,53.69,94,100,2.3
525,San Juan Pueblo,HN,2022-07-19 04:04:54,15.5833,-87.2333,77.76,94,100,3.24
526,Graaff-Reinet,ZA,2022-07-19 04:04:54,-32.2522,24.5308,53.69,52,3,10.71
527,Bantou,CN,2022-07-19 04:04:55,26.2151,117.4893,90.99,62,100,4.47
528,Tabou,CI,2022-07-19 04:04:55,4.423,-7.3528,73.96,78,100,10.38
529,Pacifica,US,2022-07-19 04:02:00,37.6138,-122.4869,69.75,88,20,14.97
530,Mbandaka,CD,2022-07-19 04:04:55,0.0487,18.2603,68.05,98,100,1.97
531,Tarabuco,BO,2022-07-19 04:04:55,-19.1667,-64.9167,45.64,81,80,5.32
532,Yeppoon,AU,2022-07-19 04:04:56,-23.1333,150.7333,74.98,64,0,9.22
533,Faya,SA,2022-07-19 04:04:56,18.3851,42.4509,68.52,29,84,2.84
534,Mira,IT,2022-07-19 04:04:56,45.4358,12.1348,73.47,69,0,10.36
535,Meulaboh,ID,2022-07-19 04:04:56,4.1363,96.1285,83.08,65,89,2.8
536,Arinos,BR,2022-07-19 04:04:57,-15.9169,-46.1056,63.3,60,2,2.91
537,Conceicao Do Araguaia,BR,2022-07-19 04:04:57,-8.2578,-49.2647,72.45,50,57,3.24
538,Cururupu,BR,2022-07-19 04:04:57,-1.8283,-44.8683,72.3,98,70,3.58
539,Albufeira,PT,2022-07-19 04:04:57,37.0882,-8.2503,66.04,82,2,11.34
540,Darnah,LY,2022-07-19 04:04:58,32.767,22.6367,76.12,74,0,27.18
541,Tautira,PF,2022-07-19 04:04:58,-17.7333,-149.15,76.21,72,20,3.27
542,Riwaka,NZ,2022-07-19 04:04:58,-41.0833,173.0,55.0,93,93,6.29
543,Vangaindrano,MG,2022-07-19 04:04:59,-23.35,47.6,66.79,80,100,7.05
544,Rocha,UY,2022-07-19 04:01:26,-34.4833,-54.3333,42.44,91,63,2.44
545,San Fernando,PH,2022-07-19 04:04:59,15.0286,120.6898,88.88,64,38,5.5
546,Serebryanyy Bor,RU,2022-07-19 04:05:59,56.8,124.8,64.83,82,100,3.91
547,Kostrzyn,PL,2022-07-19 04:05:59,52.3985,17.2281,65.68,73,93,1.01
548,Chara,RU,2022-07-19 04:06:00,56.9064,118.2631,66.02,70,94,3.24
549,Suntar,RU,2022-07-19 04:06:00,62.1444,117.6319,69.42,63,100,6.55
550,Neiafu,TO,2022-07-19 04:06:00,-18.65,-173.9833,79.48,73,40,10.36
551,Ormara,PK,2022-07-19 04:01:06,25.2088,64.6357,83.79,85,89,9.84
552,Chkalovskoye,RU,2022-07-19 04:06:00,44.8392,133.0436,72.77,88,98,6.24
553,Nhamunda,BR,2022-07-19 04:06:01,-2.1861,-56.7131,75.94,76,99,2.84
554,Makakilo City,US,2022-07-19 04:06:01,21.3469,-158.0858,80.35,61,100,16.11
555,Aitape,PG,2022-07-19 04:06:01,-3.1374,142.3475,83.01,76,89,5.53
556,Vila,PT,2022-07-19 04:06:01,42.0304,-8.1588,56.7,84,72,5.21
557,Noyabrsk,RU,2022-07-19 04:06:02,63.1994,75.4507,67.86,46,85,17.09
558,Sosnovo-Ozerskoye,RU,2022-07-19 04:06:02,52.5249,111.5418,86.72,24,49,8.61
559,Kamen-Rybolov,RU,2022-07-19 04:06:02,44.7481,132.0403,68.9,84,98,4.23
560,Ornskoldsvik,SE,2022-07-19 04:06:02,63.2909,18.7153,52.75,87,37,10.36
561,Quatre Cocos,MU,2022-07-19 04:06:03,-20.2078,57.7625,70.09,71,77,23.04
562,Jalu,LY,2022-07-19 04:06:03,29.0331,21.5482,75.9,51,0,8.66
563,Koster,ZA,2022-07-19 04:06:03,-25.863,26.8976,42.39,72,0,3.2
564,Verkhoyansk,RU,2022-07-19 04:06:04,67.5447,133.385,55.17,78,100,7.83
565,Ust-Maya,RU,2022-07-19 04:06:04,60.4167,134.5333,82.29,37,100,11.52
566,Xinyu,CN,2022-07-19 04:06:04,27.8043,114.9334,81.34,89,100,5.7
567,Touros,BR,2022-07-19 04:06:05,-5.1989,-35.4608,74.77,89,90,11.81
568,Kaputa,ZM,2022-07-19 04:06:05,-8.4689,29.6619,62.08,68,3,2.01
